timestamp,PRESSURE_T1,PRESSURE_T2,PRESSURE_T3,PRESSURE_T4,PRESSURE_T5,PRESSURE_T6,PRESSURE_T7
0,4,3.75,3.25,3.75,3.5,3.5,3
0.0833,4.0419,3.75,3.2205,3.6362,3.4486,3.4709,2.8547
0.1667,4.0838,3.75,3.191,3.5224,3.3973,3.4416,2.7096
0.25,4.1256,3.75,3.1615,3.4085,3.3459,3.412,2.565
0.2875,4.1444,3.75,3.1482,3.3573,3.3228,3.3986,2.5
0.3333,4.1674,3.75,3.132,3.2947,3.2945,3.3822,2.4207
0.4167,4.1975,3.75,3.1025,3.1809,3.2431,3.4078,2.4512
0.5,4.2275,3.75,3.073,3.0671,3.1918,3.4334,2.4816
0.5492,4.2452,3.75,3.0556,2.9999,3.1614,3.4485,2.4996
0.5833,4.2575,3.7321,3.0435,3.0102,3.1404,3.4591,2.512
0.6667,4.2875,3.6885,3.014,3.0353,3.089,3.4847,2.5424
0.7064,4.3018,3.6678,3,3.0472,3.0645,3.4969,2.5569
0.75,4.3174,3.6298,3.0204,3.0586,3.0376,3.5103,2.5728
0.8333,4.3474,3.5574,3.0595,3.0802,2.9863,3.536,2.6032
0.9167,4.3773,3.4851,3.0984,3.1018,2.9349,3.5617,2.6335
1,4.4072,3.4128,3.1373,3.1232,2.8835,3.5873,2.6639
1.0833,4.444,3.3423,3.1822,3.1673,2.8431,3.6202,2.7311
1.1667,4.4809,3.2718,3.2269,3.2112,2.8026,3.6532,2.7982
1.21,4.5,3.2353,3.2502,3.2339,2.7816,3.6703,2.833
1.25,4.5057,3.2015,3.2716,3.2549,2.7622,3.6857,2.8638
1.3333,4.5176,3.1312,3.3162,3.2986,2.7218,3.7179,2.928
1.4167,4.5294,3.061,3.3607,3.3422,2.6814,3.75,2.992
1.4269,4.5309,3.0523,3.3662,3.3475,2.6764,3.754,2.9999
1.5,4.5413,2.9909,3.4051,3.3856,2.6409,3.7822,3.0559
1.5833,4.5531,2.9208,3.4495,3.4289,2.6005,3.8145,3.1197
1.6667,4.5649,2.8508,3.4938,3.4722,2.5601,3.8467,3.1834
1.6783,4.5666,2.841,3.4999,3.4782,2.5544,3.8513,3.1923
1.7206,4.5726,2.8056,3.5223,3.5,2.5339,3.8676,3.2245
1.75,4.5768,2.7809,3.5379,3.5152,2.5197,3.8791,3.2469
1.8333,4.5886,2.711,3.582,3.5582,2.4792,3.9114,3.3104
1.9167,4.6004,2.6413,3.6261,3.6011,2.4388,3.9438,3.3737
2,4.6122,2.5716,3.67,3.6438,2.3984,3.9762,3.437
2.0833,4.6241,2.5022,3.7143,3.6916,2.3563,4.0098,3.5066
2.1667,4.636,2.4328,3.7586,3.7392,2.3141,4.0435,3.5762
2.25,4.6479,2.3636,3.8027,3.7867,2.272,4.0772,3.6456
2.3333,4.6598,2.2944,3.8468,3.8341,2.2299,4.111,3.7149
2.4167,4.6717,2.2253,3.8908,3.8814,2.1878,4.1448,3.784
2.5,4.6835,2.1563,3.9347,3.9285,2.1457,4.1787,3.853
2.5833,4.6954,2.0874,3.9786,3.9756,2.1035,4.2125,3.9219
2.6667,4.7073,2.0185,4.0223,4.0225,2.0614,4.2464,3.9907
2.75,4.7192,1.9497,4.066,4.0692,2.0193,4.2804,4.0593
2.8333,4.731,1.881,4.1096,4.1159,1.9772,4.3144,4.1279
2.9167,4.7429,1.8123,4.1531,4.1625,1.9351,4.3484,4.1962
3,4.7547,1.7437,4.1965,4.2089,1.893,4.3825,4.2645
3.0833,4.7703,1.6766,4.2431,4.2746,1.8591,4.418,4.3402
3.1667,4.7859,1.6095,4.2897,4.3402,1.8253,4.4535,4.4158
3.25,4.8015,1.5426,4.3361,4.4057,1.7915,4.4891,4.4912
3.3333,4.817,1.4757,4.3825,4.471,1.7577,4.5248,4.5665
3.3703,4.8239,1.446,4.403,4.4999,1.7427,4.5406,4.5998
3.4167,4.8326,1.4088,4.4288,4.5362,1.7239,4.5605,4.6416
3.5,4.8482,1.3808,4.4777,4.4741,1.69,4.5962,4.7167
3.5833,4.8637,1.3529,4.5264,4.4121,1.6562,4.6319,4.7916
3.5928,4.8655,1.3497,4.532,4.405,1.6524,4.636,4.8
3.6667,4.8899,1.3249,4.5752,4.35,1.6224,4.6216,4.7154
3.75,4.9174,1.297,4.6239,4.2879,1.5886,4.6051,4.6204
3.8333,4.9449,1.269,4.6725,4.2259,1.5548,4.5883,4.5257
3.9167,4.9724,1.2412,4.721,4.1638,1.521,4.5712,4.4313
3.9683,4.9894,1.2239,4.7511,4.1253,1.5,4.5605,4.3731
4,4.9945,1.2133,4.7695,4.1017,1.5257,4.5539,4.3374
4.0833,5.0093,1.1855,4.818,4.0422,1.5976,4.5402,4.2621
4.1667,5.024,1.1577,4.8664,3.9826,1.6695,4.5263,4.1871
4.25,5.0388,1.1299,4.9147,3.9231,1.7413,4.5122,4.1124
4.3333,5.0535,1.1021,4.963,3.8635,1.8131,4.4978,4.0381
4.4167,5.0683,1.0744,5.0112,3.804,1.8848,4.4832,3.9641
4.5,5.0831,1.0467,5.0594,3.7444,1.9565,4.4684,3.8904
4.5833,5.0978,1.019,5.1075,3.6849,2.0281,4.4533,3.817
4.6667,5.1126,0.9913,5.1556,3.6253,2.0997,4.4381,3.7439
4.75,5.1273,0.9637,5.2036,3.5658,2.1712,4.4226,3.6711
4.8333,5.1421,0.9361,5.2515,3.5062,2.2427,4.4068,3.5985
4.9167,5.1568,0.9085,5.2994,3.4467,2.3142,4.3909,3.5263
4.9178,5.157,0.9081,5.3,3.4459,2.3151,4.3907,3.5254
5,5.1716,0.9081,5.2849,3.3871,2.3856,4.3748,3.4544
5.0833,5.1854,0.9081,5.2699,3.3241,2.4552,4.3568,3.3737
5.1667,5.1993,0.9081,5.255,3.2612,2.5247,4.3386,3.2934
5.25,5.2132,0.9081,5.24,3.1982,2.5941,4.3203,3.2133
5.3333,5.2271,0.9081,5.225,3.1352,2.6636,4.3017,3.1335
5.4167,5.2409,0.9081,5.21,3.0723,2.733,4.2829,3.0539
5.5,5.2548,0.9081,5.195,3.0093,2.8023,4.2639,2.9747
5.5122,5.2568,0.9081,5.1928,3.0001,2.8125,4.2611,2.9631
5.5833,5.2687,0.9081,5.1801,2.9463,2.8716,4.2447,2.8957
5.6667,5.2825,0.8669,5.1651,3.0146,2.9408,4.2253,2.817
5.75,5.2964,0.8258,5.1501,3.0828,3.01,4.2058,2.7385
5.8333,5.3103,0.7847,5.1351,3.1508,3.0792,4.186,2.6603
5.9167,5.3241,0.7436,5.1201,3.2187,3.1483,4.1661,2.5823
6,5.338,0.7026,5.1051,3.2866,3.2174,4.146,2.5046
6.0042,5.3385,0.7005,5.1042,3.2892,3.2207,4.1448,2.5001
6.0833,5.3481,0.661,5.0861,3.3395,3.2843,4.1235,2.4138
6.1667,5.3471,0.6195,5.0671,3.3924,3.3459,4.154,2.4837
6.25,5.3461,0.578,5.0481,3.4452,3.4074,4.1846,2.5535
6.3333,5.3451,0.5366,5.0291,3.4979,3.4689,4.2152,2.6231
6.3367,5.345,0.5349,5.0283,3.5,3.4713,4.2164,2.6259
6.4069,5.3442,0.5,5.0123,3.5444,3.5231,4.2423,2.6845
6.4167,5.34,0.5049,5.0101,3.5509,3.53,4.2457,2.6923
6.5,5.3039,0.5476,4.9911,3.6069,3.5895,4.2756,2.759
6.5833,5.2679,0.5899,4.9721,3.663,3.6488,4.3054,2.8256
6.6667,5.2321,0.632,4.9531,3.7189,3.7081,4.3353,2.892
6.75,5.1965,0.6739,4.934,3.7749,3.7673,4.3652,2.9582
6.8028,5.174,0.7003,4.922,3.8103,3.8048,4.3842,3
6.8333,5.161,0.7155,4.915,3.8308,3.8265,4.3951,3.0242
6.9167,5.1256,0.7568,4.896,3.8866,3.8856,4.4251,3.0901
7,5.0903,0.7979,4.877,3.9425,3.9446,4.4551,3.1558
7.0833,5.0536,0.8374,4.8553,3.985,3.9926,4.4826,3.2084
7.1667,5.017,0.8766,4.8336,4.0275,4.0405,4.5101,3.2609
7.25,4.9806,0.9156,4.8119,4.07,4.0884,4.5377,3.3133
7.3333,4.9443,0.9543,4.7902,4.1125,4.1361,4.5652,3.3655
7.4167,4.9082,0.9928,4.7685,4.155,4.1839,4.5928,3.4176
7.5,4.8722,1.031,4.7468,4.1974,4.2316,4.6204,3.4695
7.5833,4.8363,1.069,4.7251,4.2398,4.2792,4.648,3.5214
7.6667,4.8006,1.1067,4.7035,4.2822,4.3268,4.6756,3.5731
7.75,4.765,1.1442,4.6818,4.3245,4.3743,4.7033,3.6247
7.8333,4.7295,1.1814,4.6601,4.3669,4.4217,4.7309,3.6761
7.9167,4.6942,1.2183,4.6384,4.4092,4.4691,4.7586,3.7274
7.9711,4.6712,1.2423,4.6242,4.4368,4.5,4.7767,3.7609
8,4.6607,1.2558,4.6167,4.4515,4.5,4.7869,3.7804
8.0833,4.6278,1.2926,4.5929,4.4769,4.5,4.8118,3.8138
8.1592,4.5979,1.3259,4.5713,4.5,4.5,4.8345,3.8441
8.1667,4.5954,1.3318,4.5691,4.4899,4.5,4.8367,3.8472
8.25,4.5683,1.3977,4.5454,4.3774,4.5,4.8619,3.8811
8.3333,4.5413,1.4632,4.5216,4.265,4.5,4.887,3.915
8.4167,4.5145,1.5284,4.4979,4.1525,4.5,4.9121,3.9487
8.5,4.4878,1.5933,4.4741,4.04,4.5,4.9373,3.9825
8.5833,4.4613,1.6578,4.4503,3.9276,4.5,4.9624,4.0161
8.6667,4.435,1.7221,4.4266,3.8151,4.5,4.9875,4.0497
8.75,4.4088,1.7859,4.4028,3.7026,4.5,5.0126,4.0832
8.8333,4.3828,1.8495,4.379,3.5901,4.5,5.0378,4.1166
8.9167,4.3569,1.9127,4.3553,3.4777,4.5,5.0629,4.1499
9,4.3311,1.9756,4.3315,3.3652,4.5,5.088,4.1832
9.0833,4.3037,2.0373,4.304,3.2491,4.5,5.1103,4.2027
9.1667,4.2765,2.0987,4.2765,3.1329,4.5,5.1326,4.2221
9.25,4.2494,2.1598,4.249,3.0168,4.5,5.1548,4.2415
9.2619,4.2455,2.1685,4.2451,3.0001,4.5,5.158,4.2443
9.3333,4.2225,2.2205,4.2216,2.9007,4.5,5.1771,4.2609
9.4167,4.1902,2.2503,4.1941,2.9249,4.5,5.1991,4.2796
9.5,4.158,2.2798,4.1666,2.9491,4.5,5.2211,4.2982
9.5833,4.126,2.3091,4.1391,2.9734,4.5,5.243,4.3168
9.6667,4.094,2.3382,4.1116,2.9976,4.5,5.265,4.3353
9.75,4.0622,2.367,4.0841,3.0218,4.5,5.2869,4.3538
9.8333,4.0305,2.3956,4.0566,3.046,4.5,5.3088,4.3723
9.9139,4,2.423,4.0301,3.0694,4.5,5.3299,4.3901
9.9167,3.999,2.4239,4.0292,3.0702,4.5,5.3306,4.3908
10,3.9675,2.4521,4.0017,3.0944,4.5,5.3525,4.4091
10.0833,3.9315,2.4763,3.9684,3.1045,4.5,5.3696,4.4055
10.1667,3.8956,2.5004,3.9351,3.1146,4.5,5.3867,4.4018
10.25,3.8599,2.5241,3.9019,3.1247,4.5,5.4038,4.3982
10.3333,3.8242,2.5477,3.8686,3.1348,4.5,5.4207,4.3946
10.4167,3.7887,2.571,3.8353,3.1449,4.5,5.4377,4.391
10.5,3.7533,2.594,3.802,3.155,4.5,5.4545,4.3875
10.5833,3.718,2.6168,3.7688,3.1651,4.5,5.4714,4.384
10.6667,3.6828,2.6394,3.7355,3.1752,4.5,5.4881,4.3805
10.7258,3.658,2.6552,3.7119,3.1823,4.5,5.5,4.3781
10.75,3.6479,2.6616,3.7022,3.1853,4.5,5.5,4.3825
10.8333,3.6131,2.6838,3.669,3.1954,4.5,5.5,4.3974
10.9167,3.5785,2.7057,3.6357,3.2055,4.5,5.5,4.4123
11,3.544,2.7274,3.6024,3.2156,4.5,5.5,4.4272
11.0833,3.5083,2.7477,3.5682,3.2189,4.5,5.5,4.4407
11.1667,3.4729,2.7678,3.5339,3.2222,4.5,5.5,4.4542
11.25,3.4375,2.7876,3.4997,3.2255,4.5,5.5,4.4677
11.3333,3.4022,2.8072,3.4655,3.2288,4.5,5.5,4.4811
11.4167,3.3671,2.8266,3.4312,3.2322,4.5,5.5,4.4944
11.5,3.3321,2.8457,3.397,3.2355,4.5,5.5,4.5076
11.5833,3.2972,2.8645,3.3628,3.2388,4.5,5.5,4.5208
11.6667,3.2624,2.8831,3.3285,3.2422,4.5,5.5,4.534
11.75,3.2278,2.9015,3.2943,3.2456,4.5,5.5,4.5471
11.8333,3.1933,2.9196,3.2601,3.2489,4.5,5.5,4.5601
11.9167,3.1589,2.9375,3.2258,3.2523,4.5,5.5,4.5731
12,3.1246,2.9552,3.1916,3.2557,4.5,5.5,4.586
12.0833,3.0917,2.9737,3.1576,3.2585,4.5,5.5,4.5939
12.1667,3.0589,2.9919,3.1237,3.2614,4.5,5.5,4.6018
12.25,3.0263,3.0099,3.0897,3.2643,4.5,5.5,4.6096
12.3333,2.9938,3.0277,3.0557,3.2672,4.5,5.5,4.6174
12.4167,2.9613,3.0452,3.0218,3.27,4.5,5.5,4.6252
12.47,2.9407,3.0563,3.0001,3.2719,4.5,5.5,4.6301
12.5,2.9291,3.0625,2.9878,3.2729,4.5,5.5,4.6329
12.5833,2.8958,3.0508,3.0266,3.275,4.5,5.5,4.6403
12.6667,2.8626,3.039,3.0652,3.2771,4.5,5.5,4.6477
12.75,2.8294,3.0271,3.1039,3.2791,4.5,5.5,4.655
12.8333,2.7963,3.0152,3.1425,3.2811,4.5,5.5,4.6622
12.9167,2.7633,3.0032,3.1811,3.2831,4.5,5.5,4.6695
13,2.7303,2.9911,3.2196,3.2851,4.5,5.5,4.6766
13.0833,2.6961,2.9777,3.2581,3.2851,4.5,5.5,4.697
13.1667,2.6619,2.9643,3.2966,3.2852,4.5,5.5,4.7173
13.25,2.6279,2.9509,3.335,3.2852,4.5,5.5,4.7376
13.3333,2.5938,2.9373,3.3734,3.2852,4.5,5.5,4.7577
13.4167,2.5598,2.9237,3.4118,3.2851,4.5,5.5,4.7778
13.5,2.5259,2.91,3.4501,3.2851,4.5,5.5,4.7978
13.5092,2.5222,2.9085,3.4543,3.2851,4.5,5.5,4.8
13.5833,2.4998,2.9013,3.4885,3.2852,4.5,5.471,4.6572
13.6083,2.4923,2.8988,3.5,3.2852,4.5,5.4611,4.6092
13.6667,2.4747,2.8931,3.5268,3.2852,4.5,5.4381,4.4971
13.75,2.4496,2.8849,3.5651,3.2853,4.5,5.405,4.3372
13.8333,2.4246,2.8766,3.6034,3.2854,4.5,5.3717,4.1777
13.9167,2.3996,2.8683,3.6416,3.2854,4.5,5.3381,4.0185
14,2.3746,2.8599,3.6798,3.2854,4.5,5.3043,3.8597
14.0833,2.3515,2.8526,3.717,3.2944,4.5,5.2699,3.6995
14.1667,2.3284,2.8452,3.7542,3.3033,4.5,5.2353,3.5396
14.25,2.3053,2.8378,3.7914,3.3122,4.5,5.2005,3.3801
14.3333,2.2822,2.8303,3.8285,3.3211,4.5,5.1654,3.2208
14.4167,2.2593,2.8228,3.8656,3.33,4.5,5.1301,3.0619
14.5,2.2363,2.8152,3.9027,3.3389,4.5,5.0945,2.9033
14.5833,2.2134,2.8076,3.9397,3.3477,4.5,5.0587,2.745
14.6667,2.1906,2.7999,3.9767,3.3566,4.5,5.0227,2.5871
14.7128,2.178,2.7956,3.9971,3.3614,4.5,5.0027,2.4998
14.75,2.1637,2.7896,4.0136,3.3653,4.5,5.0092,2.5026
14.8333,2.1318,2.7761,4.0504,3.374,4.5,5.0239,2.5089
14.9167,2.1,2.7626,4.0872,3.3826,4.5,5.0386,2.5152
15,2.0682,2.749,4.1239,3.3912,4.5,5.0533,2.5214
15.0833,2.0342,2.7335,4.1613,3.3897,4.5,5.0634,2.5101
15.1575,2.004,2.7196,4.1945,3.3884,4.5,5.0723,2.5
15.1667,2.0003,2.7179,4.1986,3.3882,4.5,5.0734,2.4987
15.25,1.9664,2.7023,4.2358,3.3867,4.5,5.0833,2.4875
15.3333,1.9326,2.6866,4.2731,3.3852,4.5,5.0932,2.4763
15.4167,1.8989,2.6708,4.3102,3.3837,4.5,5.103,2.4651
15.5,1.8651,2.655,4.3474,3.3821,4.5,5.1127,2.454
15.5833,1.8315,2.6391,4.3845,3.3805,4.5,5.1224,2.4429
15.6667,1.7979,2.6232,4.4215,3.379,4.5,5.132,2.4319
15.75,1.7644,2.6072,4.4585,3.3773,4.5,5.1415,2.421
15.8333,1.7309,2.5911,4.4955,3.3757,4.5,5.151,2.41
15.9167,1.6974,2.575,4.5324,3.3741,4.5,5.1604,2.3992
16,1.664,2.5589,4.5693,3.3724,4.5,5.1697,2.3884
16.0833,1.6285,2.5405,4.6051,3.3583,4.5,5.1706,2.354
16.1667,1.5931,2.5222,4.6408,3.3441,4.5,5.1715,2.3197
16.25,1.5577,2.5037,4.6764,3.3299,4.5,5.1721,2.2857
16.3333,1.5223,2.4852,4.7121,3.3158,4.5,5.1726,2.2518
16.4167,1.487,2.4667,4.7477,3.3016,4.5,5.173,2.2181
16.5,1.4518,2.4481,4.7832,3.2874,4.5,5.1731,2.1846
16.5833,1.4166,2.4294,4.8187,3.2732,4.5,5.1732,2.1513
16.6667,1.3814,2.4107,4.8541,3.259,4.5,5.1731,2.1181
16.75,1.3463,2.392,4.8896,3.2448,4.5,5.1728,2.0852
16.8333,1.3113,2.3732,4.9249,3.2306,4.5,5.1723,2.0524
16.9167,1.2763,2.3543,4.9602,3.2164,4.5,5.1718,2.0198
17,1.2413,2.3354,4.9955,3.2022,4.5,5.171,1.9873
17.0833,1.2065,2.3162,5.0291,3.1873,4.5,5.1775,1.9734
17.1667,1.1717,2.2969,5.0626,3.1724,4.5,5.1839,1.9595
17.25,1.1369,2.2776,5.0961,3.1575,4.5,5.1902,1.9456
17.3333,1.1022,2.2583,5.1295,3.1426,4.5,5.1965,1.9319
17.4167,1.0675,2.2389,5.1629,3.1277,4.5,5.2026,1.9182
17.5,1.0329,2.2194,5.1962,3.1128,4.5,5.2087,1.9045
17.5792,1,2.2009,5.2278,3.0986,4.5,5.2144,1.8916
17.5833,0.9983,2.1999,5.2295,3.0979,4.5,5.2147,1.8909
17.6667,0.9864,2.1961,5.263,3.0834,4.5,5.2218,1.8793
17.75,0.9745,2.1923,5.2965,3.0689,4.5,5.2287,1.8677
17.7586,0.9733,2.1919,5.3,3.0674,4.5,5.2294,1.8665
17.8333,0.9639,2.213,5.2658,3.0553,4.5,5.2357,1.8563
17.9167,0.9536,2.2365,5.2277,3.0418,4.5,5.2426,1.8449
18,0.9433,2.2598,5.1896,3.0283,4.5,5.2494,1.8336
18.0833,0.9317,2.2826,5.1523,3.0115,4.5,5.2633,1.8495
18.1406,0.9238,2.2982,5.1266,3,4.5,5.2728,1.8603
18.1667,0.9202,2.3053,5.1149,2.9947,4.5,5.2771,1.8653
18.25,0.9088,2.3278,5.0776,2.978,4.5,5.2909,1.8811
18.3333,0.8974,2.3501,5.0402,2.9613,4.5,5.3047,1.8968
18.4167,0.8861,2.3722,5.0029,2.9446,4.5,5.3185,1.9125
18.5,0.8749,2.3942,4.9655,2.9279,4.5,5.3324,1.9282
18.5833,0.8637,2.4161,4.9282,2.9113,4.5,5.3461,1.9439
18.6667,0.8527,2.4377,4.8908,2.8947,4.5,5.3599,1.9595
18.75,0.8417,2.4592,4.8535,2.8782,4.5,5.3737,1.9751
18.8333,0.8308,2.4806,4.8161,2.8617,4.5,5.3875,1.9906
18.9167,0.8199,2.5018,4.7788,2.8452,4.5,5.4013,2.0062
19,0.8091,2.5228,4.7414,2.8288,4.5,5.415,2.0217
19.0833,0.8028,2.5453,4.7032,2.8319,4.5,5.4214,2.0086
19.1667,0.7966,2.5677,4.665,2.835,4.5,5.4277,1.9957
19.25,0.7904,2.5899,4.6267,2.8381,4.5,5.4339,1.9828
19.3333,0.7843,2.612,4.5885,2.8413,4.5,5.4401,1.9701
19.4167,0.7782,2.634,4.5503,2.8445,4.5,5.4462,1.9574
19.5,0.7722,2.6558,4.512,2.8477,4.5,5.4523,1.9448
19.5833,0.7662,2.6774,4.4738,2.8509,4.5,5.4583,1.9322
19.6667,0.7604,2.699,4.4356,2.8541,4.5,5.4642,1.9198
19.75,0.7545,2.7204,4.3973,2.8573,4.5,5.4701,1.9074
19.8333,0.7488,2.7416,4.3591,2.8606,4.5,5.476,1.8951
19.9167,0.7431,2.7627,4.3209,2.8638,4.5,5.4817,1.8829
20,0.7375,2.7837,4.2826,2.8671,4.5,5.4874,1.8707
20.0833,0.7306,2.8038,4.2466,2.859,4.5,5.4969,1.871
20.1111,0.7284,2.8104,4.2346,2.8563,4.5,5.5,1.871
20.1667,0.7239,2.8237,4.2107,2.8509,4.5,5.5,1.8781
20.25,0.7173,2.8435,4.1747,2.8429,4.5,5.5,1.8887
20.3333,0.7108,2.8631,4.1387,2.8349,4.5,5.5,1.8993
20.4167,0.7043,2.8826,4.1027,2.8269,4.5,5.5,1.9098
20.5,0.6979,2.902,4.0667,2.819,4.5,5.5,1.9203
20.5833,0.6915,2.9212,4.0307,2.811,4.5,5.5,1.9308
20.6667,0.6852,2.9403,3.9947,2.8031,4.5,5.5,1.9412
20.75,0.679,2.9593,3.9588,2.7952,4.5,5.5,1.9517
20.8333,0.6728,2.9781,3.9228,2.7874,4.5,5.5,1.9621
20.9167,0.6667,2.9968,3.8868,2.7795,4.5,5.5,1.9725
21,0.6606,3.0154,3.8508,2.7717,4.5,5.5,1.9828
21.0833,0.6529,3.0333,3.8152,2.7705,4.5,5.5,1.986
21.1667,0.6453,3.051,3.7796,2.7694,4.5,5.5,1.9892
21.25,0.6378,3.0686,3.744,2.7683,4.5,5.5,1.9924
21.3333,0.6303,3.0861,3.7084,2.7671,4.5,5.5,1.9955
21.4167,0.6228,3.1034,3.6728,2.766,4.5,5.5,1.9987
21.5,0.6155,3.1206,3.6372,2.7649,4.5,5.5,2.0018
21.5833,0.6082,3.1377,3.6016,2.7639,4.5,5.5,2.0049
21.6667,0.6009,3.1546,3.566,2.7628,4.5,5.5,2.008
21.75,0.5937,3.1714,3.5304,2.7618,4.5,5.5,2.0111
21.8333,0.5866,3.1881,3.4948,2.7607,4.5,5.5,2.0142
21.9167,0.5795,3.2047,3.4592,2.7597,4.5,5.5,2.0173
22,0.5725,3.2211,3.4236,2.7587,4.5,5.5,2.0203
22.0833,0.5689,3.2387,3.3913,2.7463,4.5,5.5,2.0507
22.1667,0.5654,3.2562,3.3589,2.734,4.5,5.5,2.0811
22.25,0.5619,3.2735,3.3265,2.7216,4.5,5.5,2.1114
22.3333,0.5585,3.2908,3.2942,2.7093,4.5,5.5,2.1416
22.4167,0.5552,3.3079,3.2618,2.697,4.5,5.5,2.1718
22.5,0.5518,3.3249,3.2295,2.6848,4.5,5.5,2.202
22.5833,0.5486,3.3418,3.1971,2.6726,4.5,5.5,2.2321
22.6667,0.5454,3.3586,3.1648,2.6604,4.5,5.5,2.2621
22.75,0.5422,3.3753,3.1324,2.6482,4.5,5.5,2.2921
22.8333,0.5391,3.3918,3.1001,2.6361,4.5,5.5,2.322
22.9167,0.536,3.4082,3.0677,2.6239,4.5,5.5,2.3519
23,0.533,3.4246,3.0353,2.6118,4.5,5.5,2.3817
23.0833,0.5335,3.4419,3.006,2.6253,4.5,5.5,2.3846
23.1003,0.5336,3.4454,3,2.628,4.5,5.5,2.3852
23.1667,0.5339,3.4592,2.9767,2.6387,4.5,5.5,2.3876
23.25,0.5332,3.4483,3.019,2.6513,4.5,5.5,2.3904
23.3333,0.5324,3.4375,3.0612,2.6639,4.5,5.5,2.3933
23.4167,0.5317,3.4268,3.1034,2.6764,4.5,5.5,2.3962
23.5,0.5309,3.4162,3.1456,2.689,4.5,5.5,2.3991
23.5833,0.53,3.4057,3.1877,2.7015,4.5,5.5,2.4019
23.6667,0.5292,3.3952,3.2298,2.714,4.5,5.5,2.4048
23.75,0.5283,3.3848,3.2719,2.7264,4.5,5.5,2.4076
23.8333,0.5274,3.3745,3.3139,2.7389,4.5,5.5,2.4105
23.9167,0.5265,3.3643,3.3559,2.7513,4.5,5.5,2.4133
24,0.5256,3.3541,3.3978,2.7637,4.5,5.5,2.4162
24.0833,0.5249,3.3435,3.4363,2.7619,4.5,5.5,2.445
24.1667,0.5243,3.333,3.4748,2.7601,4.5,5.5,2.4738
24.2214,0.5238,3.3261,3.5,2.7589,4.5,5.5,2.4927
24.25,0.5236,3.3225,3.5132,2.7582,4.5,5.5,2.5025
24.3333,0.5229,3.3121,3.5516,2.7564,4.5,5.5,2.5312
24.4167,0.5221,3.3018,3.5899,2.7545,4.5,5.5,2.5598
24.5,0.5214,3.2916,3.6283,2.7527,4.5,5.5,2.5884
24.5833,0.5206,3.2814,3.6666,2.7508,4.5,5.5,2.617
24.6667,0.5198,3.2713,3.7048,2.7489,4.5,5.5,2.6455
24.75,0.519,3.2612,3.743,2.747,4.5,5.5,2.6739
24.8333,0.5182,3.2513,3.7812,2.7451,4.5,5.5,2.7023
24.9167,0.5174,3.2414,3.8194,2.7432,4.5,5.5,2.7306
25,0.5165,3.2315,3.8575,2.7413,4.5,5.5,2.7589
25.0833,0.5208,3.225,3.8993,2.7847,4.5,5.5,2.7965
25.1667,0.5251,3.2187,3.941,2.828,4.5,5.5,2.834
25.25,0.5294,3.2124,3.9827,2.8713,4.5,5.5,2.8715
25.3333,0.5336,3.2062,4.0244,2.9145,4.5,5.5,2.9089
25.4167,0.5378,3.2,4.066,2.9576,4.5,5.5,2.9463
25.5,0.542,3.194,4.1076,3.0007,4.5,5.5,2.9836
25.5367,0.5439,3.1914,4.1259,3.0197,4.5,5.5,3
25.5833,0.5462,3.1881,4.1492,3.0438,4.5,5.5,3.0208
25.6667,0.5503,3.1822,4.1907,3.0868,4.5,5.5,3.058
25.75,0.5545,3.1764,4.2322,3.1298,4.5,5.5,3.0952
25.8333,0.5586,3.1707,4.2737,3.1727,4.5,5.5,3.1323
25.9167,0.5627,3.1651,4.3151,3.2155,4.5,5.5,3.1693
26,0.5667,3.1596,4.3565,3.2584,4.5,5.5,3.2063
26.0833,0.574,3.1563,4.3998,3.312,4.5,5.5,3.286
26.1667,0.5811,3.1532,4.4432,3.3655,4.5,5.5,3.3657
26.25,0.5883,3.1501,4.4864,3.419,4.5,5.5,3.4452
26.3333,0.5955,3.1471,4.5297,3.4725,4.5,5.5,3.5246
26.3764,0.5992,3.1456,4.552,3.5,4.5,5.5,3.5655
26.4167,0.6026,3.1442,4.5729,3.5258,4.5,5.5,3.6038
26.5,0.6097,3.1414,4.6161,3.5791,4.5,5.5,3.683
26.5833,0.6168,3.1387,4.6592,3.6324,4.5,5.5,3.762
26.6667,0.6239,3.1361,4.7024,3.6856,4.5,5.5,3.8409
26.75,0.6309,3.1335,4.7455,3.7388,4.5,5.5,3.9197
26.8333,0.6379,3.131,4.7885,3.7918,4.5,5.5,3.9984
26.9167,0.6449,3.1286,4.8315,3.8449,4.5,5.5,4.077
27,0.6519,3.1263,4.8745,3.8978,4.5,5.5,4.1554
27.0833,0.6629,3.1273,4.9212,3.9553,4.5,5.5,4.2533
27.1667,0.6739,3.1283,4.9678,4.0127,4.5,5.5,4.351
27.25,0.6848,3.1295,5.0144,4.0701,4.5,5.5,4.4486
27.3333,0.6957,3.1307,5.0609,4.1273,4.5,5.5,4.546
27.4167,0.7066,3.132,5.1075,4.1846,4.5,5.5,4.6433
27.5,0.7175,3.1334,5.1539,4.2417,4.5,5.5,4.7404
27.5511,0.7241,3.1343,5.1824,4.2767,4.5,5.5,4.7999
27.5833,0.7283,3.1348,5.2004,4.2988,4.5,5.5,4.8374
27.6667,0.7485,3.1399,5.2468,4.3559,4.5,5.4803,4.7423
27.75,0.7687,3.145,5.2932,4.4129,4.5,5.4605,4.6476
27.7622,0.7716,3.1457,5.3,4.4213,4.5,5.4575,4.6337
27.8333,0.7902,3.1711,5.2825,4.4709,4.5,5.4403,4.5532
27.875,0.8011,3.186,5.2721,4.4999,4.5,5.4302,4.5061
27.9167,0.812,3.2009,5.2618,4.529,4.5,5.4199,4.4591
28,0.8387,3.2609,5.2412,4.4508,4.5,5.3994,4.3653
28.0833,0.8643,3.3193,5.2265,4.3712,4.5,5.3802,4.2802
28.1667,0.8901,3.3777,5.2119,4.2915,4.5,5.3607,4.1954
28.25,0.9158,3.4359,5.1972,4.2119,4.5,5.3411,4.1109
28.3333,0.9416,3.494,5.1825,4.1323,4.5,5.3212,4.0267
28.4167,0.9674,3.552,5.1679,4.0527,4.5,5.3012,3.9427
28.5,0.9932,3.6098,5.1532,3.9731,4.5,5.281,3.859
28.5833,1.0191,3.6675,5.1385,3.8935,4.5,5.2605,3.7756
28.6667,1.045,3.7251,5.1238,3.8139,4.5,5.2399,3.6924
28.75,1.0709,3.7825,5.1092,3.7343,4.5,5.2191,3.6095
28.8333,1.0969,3.8398,5.0945,3.6547,4.5,5.1981,3.5268
28.9167,1.1228,3.897,5.0798,3.5751,4.5,5.1769,3.4444
29,1.1489,3.954,5.0651,3.4955,4.5,5.1555,3.3623
29.0833,1.1751,4.0116,5.0436,3.4255,4.5,5.1329,3.2742
29.1667,1.2014,4.0691,5.022,3.3555,4.5,5.1102,3.1863
29.25,1.2277,4.1264,5.0005,3.2854,4.5,5.0873,3.0987
29.3333,1.2541,4.1837,4.9789,3.2154,4.5,5.0642,3.0114
29.4167,1.2805,4.2407,4.9574,3.1454,4.5,5.0409,2.9243
29.5,1.3069,4.2977,4.9358,3.0754,4.5,5.0174,2.8374
29.5833,1.3333,4.3545,4.9143,3.0054,4.5,4.9938,2.7508
29.5897,1.3354,4.3589,4.9126,3,4.5,4.992,2.7442
29.6667,1.3598,4.4112,4.8927,2.9354,4.5,4.97,2.6644
29.75,1.3816,4.4367,4.8712,3.0034,4.5,4.946,2.5783
29.8258,1.4014,4.4599,4.8516,3.0654,4.5,4.924,2.5001
29.8333,1.4034,4.4621,4.8496,3.0715,4.5,4.9218,2.4924
29.9167,1.415,4.4842,4.8281,3.1393,4.5,4.9518,2.5667
30,1.4267,4.5061,4.8065,3.2071,4.5,4.9819,2.6409
30.0833,1.4371,4.5276,4.7841,3.2613,4.5,5.0132,2.7214
30.1667,1.4476,4.5491,4.7617,3.3155,4.5,5.0445,2.8018
30.25,1.4581,4.5705,4.7393,3.3697,4.5,5.0758,2.882
30.3333,1.4687,4.5918,4.7169,3.4238,4.5,5.1072,2.962
30.3731,1.4737,4.602,4.7062,3.4496,4.5,5.1222,3
30.4167,1.4792,4.6131,4.6945,3.4779,4.5,5.1387,3.0418
30.4506,1.4835,4.6218,4.6854,3.4999,4.5,5.1515,3.0742
30.5,1.4898,4.6344,4.6721,3.532,4.5,5.1702,3.1214
30.5833,1.5004,4.6556,4.6497,3.586,4.5,5.2018,3.2009
30.6667,1.511,4.6767,4.6273,3.64,4.5,5.2334,3.2802
30.75,1.5216,4.6978,4.6049,3.6939,4.5,5.265,3.3594
30.8333,1.5322,4.7189,4.5825,3.7479,4.5,5.2968,3.4384
30.9167,1.5429,4.74,4.5601,3.8017,4.5,5.3286,3.5173
31,1.5536,4.7609,4.5377,3.8556,4.5,5.3604,3.5959
31.0833,1.5556,4.7776,4.5112,3.9106,4.5,5.3788,3.608
31.1667,1.5578,4.7942,4.4848,3.9655,4.5,5.3972,3.6202
31.25,1.5599,4.8107,4.4584,4.0204,4.5,5.4155,3.6323
31.3333,1.5621,4.8272,4.4319,4.0753,4.5,5.4339,3.6444
31.4167,1.5643,4.8436,4.4055,4.1301,4.5,5.4522,3.6565
31.5,1.5665,4.8599,4.379,4.1849,4.5,5.4705,3.6686
31.5833,1.5688,4.8761,4.3526,4.2396,4.5,5.4888,3.6808
31.6342,1.5702,4.886,4.3365,4.273,4.5,5.5,3.6882
31.6667,1.5712,4.8923,4.3262,4.2943,4.5,5.5,3.7006
31.75,1.5738,4.9084,4.2997,4.3489,4.5,5.5,3.7325
31.8333,1.5764,4.9245,4.2733,4.4035,4.5,5.5,3.7644
31.9167,1.579,4.9405,4.2469,4.4581,4.5,5.5,3.7961
31.9806,1.5811,4.9528,4.2266,4.4999,4.5,5.5,3.8205
32,1.5817,4.9565,4.2204,4.5126,4.5,5.5,3.8279
32.0833,1.5894,5.0039,4.1942,4.3746,4.5,5.5,3.8208
32.1667,1.5971,5.0511,4.1679,4.2365,4.5,5.5,3.8137
32.25,1.6049,5.0981,4.1416,4.0985,4.5,5.5,3.8066
32.3333,1.6127,5.1449,4.1154,3.9604,4.5,5.5,3.7996
32.4167,1.6207,5.1916,4.0891,3.8224,4.5,5.5,3.7926
32.5,1.6286,5.2381,4.0628,3.6843,4.5,5.5,3.7857
32.5833,1.6367,5.2844,4.0366,3.5463,4.5,5.5,3.7787
32.6667,1.6448,5.3305,4.0103,3.4082,4.5,5.5,3.7718
32.75,1.653,5.3764,3.984,3.2702,4.5,5.5,3.7649
32.8333,1.6612,5.4221,3.9578,3.1321,4.5,5.5,3.7581
32.9131,1.6692,5.4657,3.9326,3.0001,4.5,5.5,3.7516
32.9167,1.6695,5.4677,3.9315,2.9941,4.5,5.5,3.7513
33,1.673,5.4799,3.9052,3.0004,4.5,5.5,3.7442
33.0833,1.6736,5.4908,3.8751,3.0106,4.5,5.5,3.7353
33.1539,1.6741,5.5,3.8496,3.0192,4.5,5.5,3.7278
33.1667,1.6742,5.5016,3.845,3.0207,4.5,5.5,3.7264
33.25,1.6968,5.4571,3.8149,3.0288,4.5,5.5,3.7197
33.3333,1.7195,5.4125,3.7847,3.0369,4.5,5.5,3.713
33.4167,1.742,5.368,3.7546,3.0449,4.5,5.5,3.7063
33.5,1.7646,5.3234,3.7245,3.0528,4.5,5.5,3.6997
33.5833,1.7872,5.2789,3.6944,3.0607,4.5,5.5,3.6931
33.6667,1.8097,5.2345,3.6642,3.0685,4.5,5.5,3.6866
33.75,1.8322,5.19,3.6341,3.0763,4.5,5.5,3.6801
33.8333,1.8547,5.1455,3.604,3.084,4.5,5.5,3.6737
33.9167,1.8771,5.1011,3.5739,3.0917,4.5,5.5,3.6673
34,1.8996,5.0567,3.5437,3.0993,4.5,5.5,3.661
34.0833,1.9239,5.012,3.5125,3.0932,4.5,5.5,3.6974
34.1667,1.9482,4.9674,3.4812,3.087,4.5,5.5,3.7338
34.25,1.9724,4.9228,3.45,3.0808,4.5,5.5,3.7702
34.3333,1.9966,4.8782,3.4187,3.0746,4.5,5.5,3.8066
34.4167,2.0209,4.8336,3.3875,3.0683,4.5,5.5,3.843
34.5,2.0451,4.7891,3.3562,3.062,4.5,5.5,3.8793
34.5833,2.0692,4.7445,3.3249,3.0557,4.5,5.5,3.9156
34.6667,2.0934,4.7,3.2937,3.0493,4.5,5.5,3.9519
34.75,2.1176,4.6554,3.2624,3.0429,4.5,5.5,3.9882
34.8333,2.1417,4.6109,3.2312,3.0364,4.5,5.5,4.0244
34.9167,2.1658,4.5664,3.1999,3.0299,4.5,5.5,4.0607
35,2.1899,4.5219,3.1687,3.0233,4.5,5.5,4.0969
35.0833,2.2141,4.4779,3.1415,3.0412,4.5,5.5,4.1075
35.1667,2.2382,4.4339,3.1144,3.0589,4.5,5.5,4.1181
35.25,2.2624,4.3899,3.0873,3.0766,4.5,5.5,4.1287
35.3333,2.2865,4.3459,3.0601,3.0943,4.5,5.5,4.1393
35.4167,2.3106,4.302,3.033,3.1118,4.5,5.5,4.15
35.5,2.3347,4.258,3.0059,3.1293,4.5,5.5,4.1607
35.5181,2.3399,4.2485,3,3.1331,4.5,5.5,4.163
35.5833,2.3587,4.1916,3.0322,3.1442,4.5,5.5,4.1714
35.6667,2.3828,4.119,3.0733,3.1582,4.5,5.5,4.1821
35.75,2.4068,4.0464,3.1143,3.1722,4.5,5.5,4.1929
35.8333,2.4308,3.9739,3.1552,3.1861,4.5,5.5,4.2036
35.9167,2.4547,3.9014,3.196,3.1999,4.5,5.5,4.2144
36,2.4787,3.8291,3.2367,3.2136,4.5,5.5,4.2252
36.0833,2.5062,3.7569,3.2803,3.2054,4.5,5.5,4.2976
36.1667,2.5336,3.6849,3.3237,3.1971,4.5,5.5,4.37
36.25,2.5611,3.6129,3.3671,3.1888,4.5,5.5,4.4423
36.3333,2.5885,3.5409,3.4104,3.1804,4.5,5.5,4.5145
36.4167,2.6159,3.469,3.4536,3.172,4.5,5.5,4.5866
36.5,2.6433,3.3971,3.4968,3.1635,4.5,5.5,4.6586
36.5064,2.6454,3.3916,3.5001,3.1628,4.5,5.5,4.6642
36.5833,2.6707,3.3254,3.5398,3.1549,4.5,5.5,4.7306
36.6639,2.6971,3.256,3.5813,3.1466,4.5,5.5,4.8001
36.6667,2.6984,3.2536,3.5828,3.1463,4.5,5.4992,4.796
36.75,2.7365,3.1819,3.6257,3.1376,4.5,5.4741,4.6742
36.8333,2.7745,3.1103,3.6685,3.1288,4.5,5.4489,4.5526
36.9167,2.8125,3.0388,3.7112,3.12,4.5,5.4234,4.4314
37,2.8505,2.9672,3.7538,3.1111,4.5,5.3977,4.3105
37.0833,2.8885,2.8953,3.7885,3.1458,4.5,5.3757,4.2115
37.1667,2.9265,2.8234,3.8231,3.1805,4.5,5.3535,4.1128
37.25,2.9645,2.7515,3.8576,3.215,4.5,5.3312,4.0144
37.3333,3.0024,2.6798,3.8921,3.2494,4.5,5.3086,3.9163
37.4167,3.0403,2.6081,3.9264,3.2837,4.5,5.2858,3.8184
37.5,3.0782,2.5364,3.9607,3.318,4.5,5.2627,3.7209
37.5833,3.1161,2.4648,3.9949,3.3521,4.5,5.2395,3.6236
37.6667,3.1539,2.3934,4.0291,3.386,4.5,5.2161,3.5266
37.75,3.1917,2.3219,4.0631,3.4199,4.5,5.1925,3.4299
37.8333,3.2294,2.2506,4.0971,3.4537,4.5,5.1687,3.3334
37.9167,3.2672,2.1793,4.131,3.4874,4.5,5.1447,3.2372
37.9481,3.2814,2.1524,4.1438,3.5,4.5,5.1355,3.2011
38,3.3049,2.1081,4.1649,3.5209,4.5,5.1204,3.1413
38.0833,3.3398,2.037,4.2025,3.5319,4.5,5.0825,2.969
38.1667,3.3748,1.966,4.2401,3.5428,4.5,5.0444,2.7969
38.25,3.4097,1.8951,4.2775,3.5536,4.5,5.0061,2.6252
38.3108,3.4351,1.8434,4.3049,3.5615,4.5,4.9779,2.5001
38.3333,3.4445,1.8243,4.3149,3.5644,4.5,4.9675,2.4539
38.4167,3.4679,1.7535,4.3523,3.575,4.5,4.9816,2.4536
38.5,3.4912,1.6828,4.3895,3.5856,4.5,4.9957,2.4534
38.5833,3.5144,1.6121,4.4267,3.5961,4.5,5.0098,2.4532
38.6667,3.5377,1.5415,4.4638,3.6065,4.5,5.0239,2.4532
38.75,3.5609,1.471,4.5008,3.6168,4.5,5.0379,2.4531
38.8333,3.5842,1.4005,4.5377,3.627,4.5,5.052,2.4532
38.9167,3.6074,1.3301,4.5745,3.6372,4.5,5.0659,2.4533
39,3.6305,1.2597,4.6113,3.6473,4.5,5.0799,2.4534
39.0833,3.6515,1.1895,4.6479,3.6582,4.5,5.0993,2.4778
39.1667,3.6725,1.1193,4.6845,3.6691,4.5,5.1188,2.5021
39.25,3.6934,1.0491,4.721,3.6799,4.5,5.1382,2.5264
39.3333,3.7143,0.979,4.7574,3.6907,4.5,5.1577,2.5507
39.4167,3.7352,0.909,4.7937,3.7013,4.5,5.1771,2.575
39.5,3.7561,0.839,4.83,3.7119,4.5,5.1966,2.5993
39.5833,3.777,0.7691,4.8661,3.7223,4.5,5.2161,2.6235
39.6667,3.7979,0.6992,4.9022,3.7327,4.5,5.2356,2.6478
39.75,3.8187,0.6295,4.9382,3.743,4.5,5.2551,2.672
39.8333,3.8395,0.5597,4.9741,3.7532,4.5,5.2746,2.6962
39.9047,3.8574,0.5001,5.0048,3.7619,4.5,5.2913,2.7169
39.9167,3.8603,0.4901,5.01,3.7634,4.5,5.2941,2.7203
40,3.8431,0.5119,5.0494,3.7787,4.5,5.3129,2.7425
40.0833,3.8285,0.5345,5.0874,3.7826,4.5,5.3311,2.7623
40.1667,3.8141,0.5569,5.1254,3.7866,4.5,5.3493,2.7821
40.25,3.7997,0.5792,5.1634,3.7906,4.5,5.3675,2.8018
40.3333,3.7853,0.6014,5.2014,3.7945,4.5,5.3857,2.8215
40.4167,3.7711,0.6234,5.2393,3.7986,4.5,5.4039,2.8411
40.5,3.7569,0.6452,5.2772,3.8026,4.5,5.422,2.8607
40.55,3.7485,0.6583,5.3,3.805,4.5,5.4329,2.8724
40.5833,3.7429,0.6669,5.3151,3.8066,4.5,5.4402,2.8802
40.6667,3.7316,0.7112,5.2843,3.8124,4.5,5.4584,2.8999
40.75,3.7204,0.7553,5.2535,3.8183,4.5,5.4766,2.9196
40.8333,3.7093,0.7992,5.2227,3.8242,4.5,5.4948,2.9392
40.8572,3.7062,0.8117,5.2139,3.8259,4.5,5.5,2.9448
40.9167,3.6985,0.8428,5.1919,3.8301,4.5,5.5,2.9727
40.9747,3.6911,0.8731,5.1705,3.8342,4.5,5.5,2.9999
41,3.6879,0.8863,5.1611,3.836,4.5,5.5,3.0118
41.0833,3.6808,0.9309,5.1314,3.8585,4.5,5.5,3.0513
41.1667,3.6738,0.9753,5.1018,3.881,4.5,5.5,3.0908
41.25,3.6669,1.0195,5.0721,3.9035,4.5,5.5,3.1302
41.3333,3.6601,1.0635,5.0424,3.9261,4.5,5.5,3.1695
41.4167,3.6533,1.1073,5.0128,3.9486,4.5,5.5,3.2088
41.5,3.6467,1.1509,4.9831,3.9711,4.5,5.5,3.248
41.5833,3.6402,1.1943,4.9534,3.9937,4.5,5.5,3.2871
41.6667,3.6337,1.2376,4.9238,4.0162,4.5,5.5,3.3262
41.75,3.6273,1.2806,4.8941,4.0388,4.5,5.5,3.3652
41.8333,3.621,1.3235,4.8644,4.0614,4.5,5.5,3.4041
41.9167,3.6148,1.3661,4.8347,4.084,4.5,5.5,3.4429
42,3.6087,1.4086,4.8051,4.1065,4.5,5.5,3.4817
42.0833,3.5984,1.4494,4.7738,4.1176,4.5,5.5,3.5274
42.1667,3.5882,1.49,4.7425,4.1286,4.5,5.5,3.5731
42.25,3.5781,1.5305,4.7112,4.1397,4.5,5.5,3.6186
42.3333,3.5681,1.5707,4.6799,4.1508,4.5,5.5,3.6641
42.4167,3.5582,1.6107,4.6486,4.1619,4.5,5.5,3.7094
42.5,3.5484,1.6505,4.6173,4.173,4.5,5.5,3.7547
42.5833,3.5387,1.6902,4.586,4.1841,4.5,5.5,3.7999
42.6667,3.5291,1.7296,4.5547,4.1952,4.5,5.5,3.8451
42.75,3.5195,1.7689,4.5233,4.2064,4.5,5.5,3.8901
42.8333,3.5101,1.8079,4.492,4.2176,4.5,5.5,3.935
42.9167,3.5007,1.8468,4.4607,4.2288,4.5,5.5,3.9799
43,3.4914,1.8854,4.4294,4.24,4.5,5.5,4.0247
43.0833,3.4733,1.9203,4.3937,4.2297,4.5,5.5,4.0819
43.1667,3.4554,1.9549,4.358,4.2195,4.5,5.5,4.1389
43.25,3.4375,1.9893,4.3223,4.2093,4.5,5.5,4.1958
43.3333,3.4197,2.0235,4.2866,4.1992,4.5,5.5,4.2526
43.4167,3.4021,2.0575,4.2508,4.1891,4.5,5.5,4.3093
43.5,3.3845,2.0913,4.2151,4.179,4.5,5.5,4.3659
43.5833,3.367,2.1249,4.1794,4.169,4.5,5.5,4.4223
43.6667,3.3497,2.1583,4.1437,4.159,4.5,5.5,4.4787
43.75,3.3324,2.1914,4.108,4.149,4.5,5.5,4.5349
43.8333,3.3153,2.2244,4.0722,4.1391,4.5,5.5,4.5911
43.9167,3.2982,2.2571,4.0365,4.1292,4.5,5.5,4.6471
44,3.2812,2.2896,4.0008,4.1193,4.5,5.5,4.703
44.0833,3.2641,2.3219,3.9662,4.103,4.5,5.5,4.7682
44.1242,3.2558,2.3376,3.9492,4.095,4.5,5.5,4.8001
44.1667,3.2523,2.3549,3.9316,4.0868,4.5,5.4872,4.7379
44.25,3.2456,2.3889,3.8969,4.0707,4.5,5.4621,4.6161
44.3333,3.2389,2.4226,3.8623,4.0546,4.5,5.4367,4.4947
44.4167,3.2323,2.4562,3.8277,4.0386,4.5,5.4111,4.3736
44.5,3.2258,2.4896,3.7931,4.0226,4.5,5.3853,4.2528
44.5833,3.2193,2.5228,3.7585,4.0067,4.5,5.3592,4.1323
44.6667,3.2129,2.5558,3.7239,3.9908,4.5,5.3329,4.0122
44.75,3.2066,2.5887,3.6892,3.975,4.5,5.3063,3.8923
44.8333,3.2004,2.6213,3.6546,3.9592,4.5,5.2796,3.7728
44.9167,3.1942,2.6538,3.62,3.9434,4.5,5.2526,3.6535
45,3.1882,2.6861,3.5854,3.9277,4.5,5.2254,3.5345
45.0833,3.1852,2.7193,3.5464,3.9145,4.5,5.1845,3.3426
45.1667,3.1822,2.7522,3.5074,3.9013,4.5,5.1433,3.1511
45.25,3.1794,2.785,3.4683,3.8881,4.5,5.1019,2.9598
45.3333,3.1766,2.8177,3.4293,3.875,4.5,5.0603,2.7689
45.4167,3.1739,2.8502,3.3903,3.862,4.5,5.0184,2.5784
45.4511,3.1728,2.8635,3.3742,3.8566,4.5,5.001,2.4997
45.5,3.1647,2.8814,3.3513,3.8489,4.5,5.0055,2.487
45.5833,3.1509,2.9117,3.3123,3.8358,4.5,5.0133,2.4654
45.6667,3.1372,2.9419,3.2733,3.8228,4.5,5.0209,2.4439
45.75,3.1236,2.9719,3.2342,3.8098,4.5,5.0284,2.4226
45.8333,3.1101,3.0017,3.1952,3.7968,4.5,5.0359,2.4013
45.9167,3.0967,3.0313,3.1562,3.7838,4.5,5.0432,2.3802
46,3.0833,3.0607,3.1172,3.7709,4.5,5.0505,2.3591
46.0833,3.0744,3.0917,3.0754,3.7786,4.5,5.0551,2.3292
46.1667,3.0656,3.1226,3.0335,3.7863,4.5,5.0595,2.2995
46.2333,3.0586,3.1471,3.0001,3.7925,4.5,5.063,2.2759
46.25,3.0569,3.1533,2.9917,3.794,4.5,5.0638,2.27
46.3333,3.0461,3.1565,3.0249,3.8005,4.5,5.068,2.2405
46.4167,3.0354,3.1596,3.0581,3.8069,4.5,5.0721,2.2111
46.5,3.0248,3.1627,3.0913,3.8133,4.5,5.076,2.182
46.5833,3.0141,3.1658,3.1245,3.8197,4.5,5.0799,2.153
46.6667,3.0035,3.1687,3.1576,3.8261,4.5,5.0836,2.1241
46.75,2.993,3.1717,3.1907,3.8325,4.5,5.0872,2.0954
46.8333,2.9825,3.1745,3.2238,3.839,4.5,5.0907,2.0669
46.9167,2.972,3.1773,3.2569,3.8454,4.5,5.0941,2.0385
47,2.9615,3.1801,3.2899,3.8517,4.5,5.0974,2.0102
47.0833,2.9475,3.1809,3.3259,3.8534,4.5,5.1005,1.9818
47.1667,2.9335,3.1817,3.362,3.8551,4.5,5.1035,1.9535
47.25,2.9195,3.1824,3.398,3.8568,4.5,5.1064,1.9254
47.3333,2.9056,3.183,3.4339,3.8585,4.5,5.1091,1.8974
47.4167,2.8917,3.1835,3.4699,3.8602,4.5,5.1118,1.8696
47.4867,2.8801,3.184,3.5001,3.8616,4.5,5.1139,1.8464
47.5,2.8778,3.184,3.5058,3.8618,4.5,5.1143,1.8419
47.5833,2.864,3.1845,3.5417,3.8635,4.5,5.1168,1.8144
47.6667,2.8503,3.1848,3.5776,3.8652,4.5,5.1191,1.787
47.75,2.8366,3.1852,3.6134,3.8669,4.5,5.1213,1.7598
47.8333,2.8229,3.1854,3.6492,3.8686,4.5,5.1234,1.7327
47.9167,2.8092,3.1856,3.685,3.8702,4.5,5.1254,1.7058
48,2.7956,3.1857,3.7208,3.8719,4.5,5.1273,1.679
48.0833,2.7927,3.193,3.7619,3.927,4.5,5.1422,1.6953
48.1667,2.7899,3.2003,3.803,3.9821,4.5,5.157,1.7116
48.25,2.787,3.2075,3.8441,4.0372,4.5,5.1718,1.7278
48.3333,2.7842,3.2148,3.8852,4.0922,4.5,5.1866,1.7441
48.4167,2.7814,3.2219,3.9262,4.1471,4.5,5.2014,1.7602
48.5,2.7786,3.2291,3.9672,4.202,4.5,5.2162,1.7764
48.5833,2.7759,3.2362,4.0082,4.2569,4.5,5.231,1.7926
48.6667,2.7731,3.2433,4.0492,4.3116,4.5,5.2458,1.8087
48.75,2.7704,3.2504,4.0901,4.3664,4.5,5.2605,1.8248
48.8333,2.7678,3.2575,4.131,4.4211,4.5,5.2753,1.8409
48.9167,2.7651,3.2645,4.1719,4.4757,4.5,5.2901,1.8569
48.9539,2.764,3.2676,4.1902,4.5001,4.5,5.2967,1.8641
49,2.7645,3.2898,4.2135,4.4553,4.5,5.3049,1.873
49.0833,2.7688,3.3302,4.2549,4.3599,4.5,5.3308,1.9372
49.1667,2.7731,3.3704,4.2963,4.2646,4.5,5.3568,2.0012
49.25,2.7775,3.4105,4.3377,4.1692,4.5,5.3828,2.0651
49.3333,2.782,3.4504,4.3791,4.0738,4.5,5.4089,2.1289
49.4167,2.7865,3.4902,4.4204,3.9785,4.5,5.435,2.1925
49.5,2.7911,3.5298,4.4618,3.8831,4.5,5.4612,2.256
49.5833,2.7957,3.5693,4.5031,3.7878,4.5,5.4874,2.3194
49.6233,2.798,3.5882,4.523,3.742,4.5,5.5,2.3497
49.6667,2.8007,3.6086,4.5445,3.6924,4.5,5.5,2.3966
49.75,2.8058,3.6479,4.5858,3.597,4.5,5.5,2.4867
49.8333,2.8111,3.687,4.6271,3.5017,4.5,5.5,2.5766
49.9167,2.8164,3.726,4.6684,3.4063,4.5,5.5,2.6664
50,2.8218,3.7648,4.7097,3.3109,4.5,5.5,2.756
50.0833,2.8273,3.8041,4.7556,3.2118,4.5,5.5,2.8391
50.1667,2.8329,3.8433,4.8015,3.1126,4.5,5.5,2.922
50.2453,2.8382,3.8801,4.8448,3.0191,4.5,5.5,3
50.25,2.8385,3.8823,4.8474,3.0134,4.5,5.5,3.0047
50.2614,2.8393,3.8876,4.8537,2.9999,4.5,5.5,3.016
50.3333,2.8413,3.8911,4.8922,3.0347,4.5,5.5,3.0872
50.4167,2.8436,3.8951,4.9367,3.0749,4.5,5.5,3.1696
50.5,2.846,3.8991,4.9812,3.1151,4.5,5.5,3.2519
50.5833,2.8483,3.9031,5.0257,3.1553,4.5,5.5,3.334
50.6667,2.8506,3.9071,5.0702,3.1954,4.5,5.5,3.416
50.75,2.853,3.9112,5.1146,3.2355,4.5,5.5,3.4979
50.8333,2.8554,3.9152,5.159,3.2756,4.5,5.5,3.5796
50.9167,2.8577,3.9193,5.2033,3.3156,4.5,5.5,3.6613
51,2.8601,3.9234,5.2477,3.3556,4.5,5.5,3.7427
51.0833,2.865,3.9297,5.2956,3.4152,4.5,5.5,3.8342
51.0911,2.8654,3.9303,5.3001,3.4208,4.5,5.5,3.8428
51.1667,2.8716,3.9579,5.2827,3.4758,4.5,5.5,3.9257
51.2,2.8744,3.97,5.275,3.5001,4.5,5.5,3.9622
51.25,2.8785,3.9882,5.2635,3.5365,4.5,5.5,4.017
51.3333,2.8855,4.0184,5.2442,3.5972,4.5,5.5,4.1082
51.4167,2.8925,4.0485,5.225,3.6578,4.5,5.5,4.1993
51.5,2.8995,4.0786,5.2058,3.7184,4.5,5.5,4.2902
51.5833,2.9066,4.1085,5.1866,3.7789,4.5,5.5,4.381
51.6667,2.9137,4.1384,5.1674,3.8394,4.5,5.5,4.4717
51.75,2.9208,4.1681,5.1482,3.8999,4.5,5.5,4.5622
51.8333,2.928,4.1978,5.129,3.9603,4.5,5.5,4.6527
51.9167,2.9353,4.2274,5.1098,4.0207,4.5,5.5,4.7429
51.9694,2.9399,4.246,5.0976,4.0589,4.5,5.5,4.8
52,2.9463,4.2577,5.0906,4.0811,4.5,5.4921,4.7618
52.0833,2.9642,4.2902,5.0718,4.1556,4.5,5.4714,4.6628
52.1667,2.9822,4.3226,5.0531,4.2301,4.5,5.4505,4.5641
52.25,3.0002,4.3549,5.0344,4.3045,4.5,5.4294,4.4658
52.3333,3.0182,4.3872,5.0156,4.3789,4.5,5.4081,4.3677
52.4167,3.0362,4.4195,4.9969,4.4532,4.5,5.3865,4.2699
52.4692,3.0475,4.4398,4.9851,4.5,4.5,5.3728,4.2085
52.5,3.0561,4.4627,4.9781,4.4772,4.5,5.3647,4.1725
52.5833,3.0792,4.5245,4.9594,4.4155,4.5,5.3427,4.0754
52.6667,3.1023,4.5861,4.9407,4.3538,4.5,5.3205,3.9785
52.75,3.1255,4.6476,4.9219,4.2922,4.5,5.2981,3.8819
52.8333,3.1487,4.709,4.9032,4.2305,4.5,5.2754,3.7856
52.9167,3.172,4.7702,4.8845,4.1688,4.5,5.2526,3.6896
53,3.1953,4.8312,4.8657,4.1071,4.5,5.2296,3.5938
53.0833,3.2176,4.8917,4.8432,4.0192,4.5,5.2081,3.5091
53.1667,3.2399,4.9521,4.8207,3.9313,4.5,5.1865,3.4246
53.25,3.2622,5.0122,4.7982,3.8434,4.5,5.1647,3.3404
53.3333,3.2846,5.0723,4.7757,3.7556,4.5,5.1427,3.2565
53.4167,3.307,5.1321,4.7532,3.6677,4.5,5.1205,3.1728
53.5,3.3295,5.1919,4.7307,3.5798,4.5,5.0982,3.0893
53.5833,3.352,5.2514,4.7082,3.4919,4.5,5.0756,3.0061
53.6667,3.3746,5.3109,4.6857,3.404,4.5,5.0529,2.9231
53.75,3.3971,5.3702,4.6632,3.3161,4.5,5.03,2.8404
53.8333,3.4198,5.4293,4.6407,3.2282,4.5,5.007,2.7579
53.9167,3.4424,5.4883,4.6182,3.1403,4.5,4.9838,2.6756
53.9333,3.447,5.5001,4.6137,3.1227,4.5,4.9791,2.6592
54,3.4826,5.5001,4.5957,3.0524,4.5,4.9604,2.5935
54.0464,3.5082,5.5001,4.5877,3,4.5,4.9442,2.5284
54.0667,3.5194,5.5001,4.5842,2.9771,4.5,4.9371,2.4999
54.0833,3.5263,5.4913,4.5813,2.9862,4.5,4.9423,2.5102
54.1667,3.561,5.4477,4.5669,3.0312,4.5,4.9684,2.5618
54.25,3.5956,5.4041,4.5525,3.0762,4.5,4.9946,2.6133
54.3333,3.6302,5.3605,4.5382,3.1211,4.5,5.0208,2.6647
54.4167,3.6647,5.3169,4.5238,3.1659,4.5,5.0471,2.716
54.5,3.6993,5.2733,4.5094,3.2106,4.5,5.0733,2.7673
54.5833,3.7338,5.2298,4.495,3.2552,4.5,5.0997,2.8185
54.6667,3.7683,5.1863,4.4806,3.2997,4.5,5.126,2.8696
54.75,3.8027,5.1429,4.4662,3.3442,4.5,5.1524,2.9206
54.8333,3.8372,5.0995,4.4518,3.3885,4.5,5.1789,2.9716
54.8797,3.8563,5.0753,4.4438,3.4132,4.5,5.1936,2.9999
54.9167,3.8716,5.0561,4.4374,3.4328,4.5,5.2054,3.0225
55,3.906,5.0127,4.4231,3.4769,4.5,5.2319,3.0733
55.0833,3.9355,4.9686,4.3909,3.4925,4.5,5.2553,3.1104
55.1233,3.9496,4.9474,4.3755,3.5,4.5,5.2665,3.1281
55.1667,3.9649,4.9245,4.3588,3.5081,4.5,5.2787,3.1473
55.25,3.9944,4.8805,4.3267,3.5236,4.5,5.3021,3.1843
55.3333,4.0238,4.8364,4.2946,3.539,4.5,5.3255,3.2212
55.4167,4.0532,4.7924,4.2625,3.5544,4.5,5.349,3.258
55.5,4.0826,4.7484,4.2304,3.5697,4.5,5.3725,3.2949
55.5833,4.112,4.7044,4.1982,3.5849,4.5,5.396,3.3316
55.6667,4.1413,4.6605,4.1661,3.6001,4.5,5.4195,3.3684
55.75,4.1706,4.6165,4.134,3.6152,4.5,5.4431,3.4051
55.8333,4.1999,4.5726,4.1019,3.6303,4.5,5.4667,3.4418
55.9167,4.2292,4.5287,4.0698,3.6453,4.5,5.4902,3.4784
55.9511,4.2413,4.5106,4.0565,3.6515,4.5,5.5,3.4935
56,4.2586,4.4848,4.0377,3.6602,4.5,5.5,3.5297
56.0833,4.2804,4.4415,4.0042,3.6969,4.5,5.5,3.5036
56.1667,4.3021,4.3982,3.9708,3.7335,4.5,5.5,3.4775
56.25,4.3237,4.355,3.9373,3.77,4.5,5.5,3.4516
56.3333,4.3454,4.3117,3.9038,3.8064,4.5,5.5,3.4257
56.4167,4.367,4.2685,3.8704,3.8428,4.5,5.5,3.3999
56.5,4.3887,4.2253,3.8369,3.879,4.5,5.5,3.3742
56.5833,4.4103,4.1822,3.8035,3.9152,4.5,5.5,3.3485
56.6667,4.4318,4.1391,3.77,3.9513,4.5,5.5,3.3229
56.75,4.4534,4.0959,3.7366,3.9873,4.5,5.5,3.2974
56.8333,4.4749,4.0529,3.7031,4.0232,4.5,5.5,3.272
56.9167,4.4964,4.0098,3.6697,4.0591,4.5,5.5,3.2466
56.9306,4.5,4.0026,3.6641,4.0651,4.5,5.5,3.2424
57,4.4955,3.9668,3.6362,4.0948,4.5,5.5,3.2196
57.0833,4.4858,3.9226,3.6018,4.0699,4.5,5.5,3.2326
57.1667,4.4761,3.8785,3.5673,4.045,4.5,5.5,3.2455
57.25,4.4664,3.8344,3.5329,4.0201,4.5,5.5,3.2583
57.3333,4.4568,3.7903,3.4984,3.9951,4.5,5.5,3.2711
57.4167,4.4471,3.7462,3.464,3.9701,4.5,5.5,3.2839
57.5,4.4374,3.7021,3.4295,3.9451,4.5,5.5,3.2967
57.5833,4.4278,3.658,3.3951,3.9201,4.5,5.5,3.3094
57.6667,4.4181,3.6139,3.3606,3.895,4.5,5.5,3.3221
57.75,4.4085,3.5698,3.3262,3.87,4.5,5.5,3.3347
57.8333,4.3989,3.5257,3.2917,3.8449,4.5,5.5,3.3473
57.9167,4.3893,3.4816,3.2573,3.8198,4.5,5.5,3.3599
58,4.3796,3.4376,3.2228,3.7946,4.5,5.5,3.3724
58.0833,4.3749,3.3941,3.1911,3.8092,4.5,5.5,3.3928
58.1667,4.3702,3.3507,3.1594,3.8237,4.5,5.5,3.4131
58.25,4.3655,3.3073,3.1277,3.8381,4.5,5.5,3.4334
58.3333,4.3608,3.2639,3.096,3.8525,4.5,5.5,3.4536
58.4167,4.3561,3.2205,3.0642,3.8668,4.5,5.5,3.4738
58.5,4.3514,3.1772,3.0325,3.8811,4.5,5.5,3.4939
58.5833,4.3467,3.1338,3.0008,3.8953,4.5,5.5,3.514
58.5853,4.3466,3.1328,3.0001,3.8956,4.5,5.5,3.5145
58.6667,4.342,3.0905,2.9691,3.9094,4.5,5.5,3.5341
58.75,4.3373,3.0182,3.0062,3.9201,4.5,5.5,3.5541
58.8333,4.3326,2.946,3.0432,3.9307,4.5,5.5,3.5741
58.9167,4.3279,2.8738,3.0802,3.9412,4.5,5.5,3.5941
59,4.3233,2.8017,3.1171,3.9517,4.5,5.5,3.614
59.0833,4.322,2.7292,3.1522,3.9554,4.5,5.5,3.6233
59.1667,4.3208,2.6568,3.1872,3.9591,4.5,5.5,3.6326
59.25,4.3196,2.5845,3.2221,3.9627,4.5,5.5,3.6419
59.3333,4.3183,2.5122,3.2569,3.9662,4.5,5.5,3.6511
59.4167,4.3171,2.44,3.2917,3.9696,4.5,5.5,3.6603
59.5,4.3159,2.3679,3.3263,3.973,4.5,5.5,3.6696
59.5833,4.3147,2.2958,3.3609,3.9763,4.5,5.5,3.6788
59.6667,4.3134,2.2237,3.3955,3.9795,4.5,5.5,3.6879
59.75,4.3122,2.1517,3.4299,3.9826,4.5,5.5,3.6971
59.8333,4.311,2.0798,3.4643,3.9856,4.5,5.5,3.7063
59.9167,4.3098,2.008,3.4986,3.9886,4.5,5.5,3.7154
59.9203,4.3097,2.0048,3.5001,3.9887,4.5,5.5,3.7158
60,4.3085,1.9362,3.5328,3.9914,4.5,5.5,3.7245
60.0833,4.3029,1.8643,3.565,4.0049,4.5,5.5,3.8121
60.1667,4.2972,1.7925,3.5971,4.0183,4.5,5.5,3.8995
60.25,4.2915,1.7208,3.6292,4.0315,4.5,5.5,3.9868
60.3333,4.2858,1.6491,3.6611,4.0447,4.5,5.5,4.074
60.4167,4.2802,1.5775,3.693,4.0578,4.5,5.5,4.1609
60.5,4.2746,1.506,3.7249,4.0708,4.5,5.5,4.2478
60.5833,4.2689,1.4345,3.7566,4.0837,4.5,5.5,4.3345
60.6667,4.2633,1.3631,3.7883,4.0966,4.5,5.5,4.421
60.75,4.2577,1.2918,3.8199,4.1093,4.5,5.5,4.5074
60.8333,4.2521,1.2205,3.8514,4.122,4.5,5.5,4.5936
60.9167,4.2465,1.1492,3.8828,4.1345,4.5,5.5,4.6797
61,4.241,1.0781,3.9142,4.147,4.5,5.5,4.7657
61.0708,4.2404,1.0188,3.9497,4.1373,4.5,5.5,4.7999
61.0833,4.2403,1.0084,3.956,4.1355,4.5,5.5,4.806
61.1667,4.2515,0.9388,3.9976,4.124,4.5,5.4695,4.6563
61.25,4.2626,0.8692,4.0392,4.1125,4.5,5.4388,4.5069
61.3333,4.2738,0.7997,4.0807,4.1008,4.5,5.4079,4.3578
61.4167,4.2849,0.7302,4.1222,4.0891,4.5,5.3767,4.2091
61.5,4.2961,0.6608,4.1635,4.0774,4.5,5.3452,4.0608
61.5833,4.3072,0.5915,4.2048,4.0656,4.5,5.3136,3.9127
61.6667,4.3183,0.5222,4.246,4.0537,4.5,5.2816,3.765
61.6933,4.3219,0.5,4.2591,4.0499,4.5,5.2713,3.7178
61.75,4.3294,0.4529,4.2871,4.0417,4.5,5.2494,3.6177
61.8333,4.3018,0.4722,4.3316,4.0349,4.5,5.217,3.4706
61.9167,4.2742,0.4912,4.3761,4.0281,4.5,5.1844,3.3238
62,4.2467,0.5101,4.4205,4.0214,4.5,5.1516,3.1773
62.0833,4.2171,0.5282,4.4634,4.0622,4.5,5.112,2.9959
62.1667,4.1876,0.5461,4.5063,4.103,4.5,5.0723,2.8148
62.25,4.1582,0.5639,4.5491,4.1437,4.5,5.0322,2.6341
62.3119,4.1363,0.5769,4.5809,4.174,4.5,5.0023,2.5
62.3333,4.1264,0.58,4.5919,4.1844,4.5,5.005,2.4967
62.4167,4.0879,0.5921,4.6345,4.2249,4.5,5.0152,2.4838
62.5,4.0494,0.604,4.6772,4.2653,4.5,5.0254,2.4711
62.5833,4.0111,0.6157,4.7198,4.3058,4.5,5.0355,2.4584
62.6075,4,0.619,4.7321,4.3175,4.5,5.0384,2.4547
62.6667,3.9729,0.6272,4.7624,4.3462,4.5,5.0455,2.4457
62.75,3.9347,0.6386,4.8049,4.3865,4.5,5.0554,2.4331
62.8333,3.8967,0.6498,4.8475,4.4268,4.5,5.0653,2.4206
62.9167,3.8587,0.6608,4.89,4.4671,4.5,5.0751,2.4082
62.9847,3.8278,0.6696,4.9246,4.5,4.5,5.0831,2.398
63,3.8215,0.6777,4.9327,4.4828,4.5,5.0849,2.3959
63.0833,3.7902,0.7225,4.9699,4.3549,4.5,5.1021,2.4131
63.1667,3.7591,0.7671,5.0071,4.2269,4.5,5.1192,2.4304
63.25,3.728,0.8114,5.0442,4.099,4.5,5.1364,2.4476
63.3333,3.6971,0.8555,5.0814,3.971,4.5,5.1535,2.4648
63.4167,3.6664,0.8992,5.1186,3.8431,4.5,5.1706,2.4819
63.5,3.6358,0.9427,5.1557,3.7151,4.5,5.1877,2.499
63.5833,3.6053,0.986,5.1928,3.5872,4.5,5.2047,2.5161
63.6667,3.5749,1.0289,5.2299,3.4593,4.5,5.2218,2.5331
63.75,3.5447,1.0716,5.267,3.3313,4.5,5.2389,2.55
63.8242,3.5179,1.1094,5.3001,3.2174,4.5,5.254,2.5651
63.8333,3.5151,1.1163,5.2963,3.2034,4.5,5.2559,2.567
63.9167,3.4894,1.1791,5.2622,3.0754,4.5,5.2731,2.5844
63.9658,3.4743,1.2159,5.242,2.9999,4.5,5.2833,2.5946
64,3.4616,1.2291,5.228,3.0049,4.5,5.2902,2.6015
64.0833,3.4281,1.2593,5.1981,3.018,4.5,5.3026,2.5992
64.1667,3.3947,1.2893,5.1682,3.0311,4.5,5.3149,2.5968
64.25,3.3614,1.3191,5.1382,3.0442,4.5,5.3272,2.5946
64.3333,3.3283,1.3486,5.1083,3.0572,4.5,5.3394,2.5923
64.4167,3.2952,1.3778,5.0784,3.0703,4.5,5.3516,2.5901
64.5,3.2623,1.4069,5.0484,3.0834,4.5,5.3637,2.5879
64.5833,3.2295,1.4356,5.0185,3.0965,4.5,5.3758,2.5857
64.6667,3.1969,1.4641,4.9886,3.1096,4.5,5.3878,2.5835
64.75,3.1643,1.4924,4.9586,3.1227,4.5,5.3998,2.5814
64.8333,3.1319,1.5204,4.9287,3.1358,4.5,5.4118,2.5793
64.9167,3.0996,1.5482,4.8988,3.1489,4.5,5.4237,2.5772
65,3.0674,1.5757,4.8688,3.162,4.5,5.4355,2.5751
65.0833,3.0331,1.6013,4.8405,3.1676,4.5,5.4489,2.58
65.1667,2.9989,1.6265,4.8123,3.1732,4.5,5.4623,2.5848
65.25,2.9649,1.6515,4.784,3.1788,4.5,5.4757,2.5896
65.3333,2.931,1.6763,4.7557,3.1844,4.5,5.489,2.5944
65.4025,2.9029,1.6967,4.7322,3.1891,4.5,5.5,2.5984
65.4167,2.8972,1.7008,4.7274,3.1901,4.5,5.5,2.6017
65.5,2.8637,1.7252,4.6991,3.1957,4.5,5.5,2.621
65.5833,2.8302,1.7493,4.6708,3.2014,4.5,5.5,2.6403
65.6667,2.7969,1.7732,4.6425,3.207,4.5,5.5,2.6594
65.75,2.7638,1.7968,4.6142,3.2127,4.5,5.5,2.6786
65.8333,2.7307,1.8202,4.5859,3.2184,4.5,5.5,2.6976
65.9167,2.6978,1.8433,4.5576,3.2241,4.5,5.5,2.7166
66,2.6649,1.8662,4.5293,3.2298,4.5,5.5,2.7355
66.0833,2.6335,1.89,4.4982,3.24,4.5,5.5,2.7684
66.1667,2.6022,1.9135,4.4671,3.2502,4.5,5.5,2.8013
66.25,2.5711,1.9367,4.436,3.2604,4.5,5.5,2.834
66.3333,2.54,1.9597,4.4049,3.2706,4.5,5.5,2.8667
66.4167,2.5091,1.9825,4.3738,3.2808,4.5,5.5,2.8993
66.5,2.4782,2.005,4.3427,3.291,4.5,5.5,2.9318
66.5833,2.4475,2.0273,4.3116,3.3012,4.5,5.5,2.9642
66.6667,2.417,2.0494,4.2805,3.3114,4.5,5.5,2.9965
66.6756,2.4137,2.0518,4.2772,3.3125,4.5,5.5,3
66.75,2.3865,2.0712,4.2494,3.3216,4.5,5.5,3.0288
66.8333,2.3561,2.0928,4.2183,3.3318,4.5,5.5,3.0609
66.9167,2.3259,2.1142,4.1872,3.342,4.5,5.5,3.093
67,2.2958,2.1354,4.1561,3.3522,4.5,5.5,3.125
67.0833,2.2623,2.1537,4.12,3.3626,4.5,5.5,3.1646
67.1667,2.229,2.1719,4.0839,3.373,4.5,5.5,3.2041
67.25,2.1957,2.1898,4.0478,3.3834,4.5,5.5,3.2435
67.3333,2.1626,2.2075,4.0117,3.3937,4.5,5.5,3.2827
67.4167,2.1296,2.2249,3.9756,3.4041,4.5,5.5,3.3219
67.5,2.0968,2.2421,3.9394,3.4145,4.5,5.5,3.361
67.5833,2.064,2.2591,3.9033,3.4249,4.5,5.5,3.4
67.6667,2.0314,2.2758,3.8672,3.4353,4.5,5.5,3.4389
67.75,1.9989,2.2924,3.8311,3.4457,4.5,5.5,3.4777
67.8333,1.9665,2.3086,3.795,3.456,4.5,5.5,3.5164
67.9167,1.9342,2.3247,3.7589,3.4664,4.5,5.5,3.5549
68,1.902,2.3405,3.7228,3.4768,4.5,5.5,3.5934
68.0833,1.8679,2.3545,3.6874,3.4909,4.5,5.5,3.6022
68.1367,1.8462,2.3633,3.6648,3.5,4.5,5.5,3.6078
68.1667,1.834,2.3682,3.652,3.5051,4.5,5.5,3.6109
68.25,1.8001,2.3817,3.6166,3.5192,4.5,5.5,3.6195
68.3333,1.7664,2.395,3.5812,3.5333,4.5,5.5,3.6281
68.4167,1.7327,2.4081,3.5458,3.5475,4.5,5.5,3.6367
68.5,1.6992,2.4209,3.5104,3.5616,4.5,5.5,3.6452
68.5833,1.6659,2.4335,3.475,3.5757,4.5,5.5,3.6536
68.6667,1.6326,2.4459,3.4396,3.5898,4.5,5.5,3.662
68.75,1.5994,2.458,3.4043,3.6039,4.5,5.5,3.6704
68.8333,1.5664,2.47,3.3689,3.6179,4.5,5.5,3.6787
68.9167,1.5334,2.4817,3.3335,3.632,4.5,5.5,3.687
69,1.5006,2.4931,3.2981,3.6461,4.5,5.5,3.6952
69.0833,1.4698,2.5058,3.2607,3.6359,4.5,5.5,3.6916
69.1667,1.4392,2.5182,3.2234,3.6257,4.5,5.5,3.688
69.25,1.4086,2.5303,3.1861,3.6155,4.5,5.5,3.6843
69.3333,1.3782,2.5423,3.1487,3.6054,4.5,5.5,3.6807
69.4167,1.3479,2.554,3.1114,3.5952,4.5,5.5,3.677
69.5,1.3177,2.5655,3.0741,3.5851,4.5,5.5,3.6732
69.5833,1.2875,2.5767,3.0367,3.575,4.5,5.5,3.6695
69.6653,1.258,2.5876,3,3.5651,4.5,5.5,3.6658
69.6667,1.2575,2.5878,2.9994,3.565,4.5,5.5,3.6657
69.75,1.2264,2.5699,3.0352,3.554,4.5,5.5,3.6617
69.8333,1.1954,2.552,3.071,3.5431,4.5,5.5,3.6576
69.9167,1.1643,2.534,3.1068,3.5322,4.5,5.5,3.6535
70,1.1334,2.516,3.1425,3.5212,4.5,5.5,3.6494
70.0833,1.1024,2.4978,3.1763,3.5364,4.5,5.5,3.6687
70.1667,1.0715,2.4797,3.21,3.5515,4.5,5.5,3.6879
70.25,1.0406,2.4615,3.2437,3.5666,4.5,5.5,3.707
70.3333,1.0098,2.4432,3.2774,3.5817,4.5,5.5,3.726
70.3597,1,2.4375,3.2881,3.5864,4.5,5.5,3.732
70.4167,0.979,2.425,3.311,3.5967,4.5,5.5,3.745
70.5,0.9714,2.4212,3.3449,3.612,4.5,5.5,3.7666
70.5833,0.9638,2.4175,3.3787,3.6274,4.5,5.5,3.7882
70.6667,0.9562,2.4137,3.4125,3.6427,4.5,5.5,3.8097
70.75,0.9486,2.4099,3.4463,3.658,4.5,5.5,3.8311
70.8333,0.941,2.4062,3.48,3.6732,4.5,5.5,3.8525
70.8828,0.9366,2.4039,3.5,3.6823,4.5,5.5,3.8652
70.9167,0.9335,2.4024,3.5137,3.6885,4.5,5.5,3.8739
71,0.926,2.3986,3.5474,3.7037,4.5,5.5,3.8952
71.0833,0.9179,2.3948,3.5865,3.6804,4.5,5.5,3.9134
71.1667,0.9098,2.391,3.6255,3.6571,4.5,5.5,3.9315
71.25,0.9017,2.3871,3.6646,3.6339,4.5,5.5,3.9496
71.3333,0.8936,2.3833,3.7036,3.6106,4.5,5.5,3.9676
71.4167,0.8855,2.3794,3.7425,3.5874,4.5,5.5,3.9856
71.5,0.8775,2.3755,3.7815,3.5642,4.5,5.5,4.0036
71.5833,0.8694,2.3716,3.8204,3.5411,4.5,5.5,4.0215
71.6667,0.8614,2.3677,3.8592,3.5179,4.5,5.5,4.0393
71.75,0.8534,2.3637,3.8981,3.4948,4.5,5.5,4.0571
71.8333,0.8455,2.3598,3.9369,3.4717,4.5,5.5,4.0749
71.9167,0.8375,2.3558,3.9757,3.4486,4.5,5.5,4.0927
72,0.8295,2.3518,4.0144,3.4255,4.5,5.5,4.1103
